,top_news
0,Zelenskyy is Ukraine's legitimate president but...: Russian diplomat
1,"Fitch, Moody's slash Russia's sovereign rating to 'junk' status"
2,The Batman Movie Review: Robert Pattinson sheds Twilight deadweight and how!
3,LIC IPO to be postponed? All you need to know
4,PM Modi to attend Quad leaders' virtual meet today amid Russia-Ukraine war
5,"Savings, wealth, security: Reasons to buy an Endowment Plan"
6,No report of students taken hostage in Ukraine: India on Russia's claim
7,How war changed Ukraine in 7 days since Russian invasion 
8,Serena Williams calls out NYT after newspaper prints pic of Venus in a story about her
9,"Fed a snake for 25 years, now it's hissing at us: Uddhav Thackeray's veiled jibe at BJP"
10,Couple gets married in bomb shelter as Russian forces continue shelling in Ukraine
11,Ukrainian civilians turn soldiers to save country amid Russian invasion | IN PICS
12,"China is watching, Taiwan is next, says Donald Trump amid Russia-Ukraine war"
13,Shahid Kapoor shares adorable pic with newlywed sister Sanah Kapur
14,"Assembly polls LIVE: Will defeat Yogi Adityanath in UP polls, says SP's Subhavati Shukla"
15,US says Russian warships are moving from Crimea to Ukraineâ€™s Odessa
